protein_id	tm_index	start	end	length	type	topology_code	sequence
A0AVI4	1	4	22	19	TMH	H	PEVTFTLAYLVFAVCFVFT
A0AVI4	2	55	77	23	TMH	H	RTAATLLCHSLLPLGYYVGMCLA
A0AVI4	3	92	114	23	TMH	H	AWRLFLLLAVTLPSIACILIYYW
B0YJ81	1	74	97	24	TMH	H	AWLTFYDIAMTAGWLVLAIAMVRF
B0YJ81	2	111	131	21	TMH	H	IQKTLKFFQTFALLEIVHCLI
B0YJ81	3	137	157	21	TMH	H	SVIVTGVQVSSRIFMVWLITH
B0YJ81	4	166	188	23	TMH	H	ESVVLFLVAWTVTEITRYSFYTF
B0YJ81	5	200	224	25	TMH	H	WARYNFFIILYPVGVAGELLTIYAA
B0YJ81	6	249	267	19	TMH	H	YYFLLITMASYIPLFPQLY
P00167	1	110	129	20	TMH	H	WTNWVIPAISAVAVALMYRL
A0PJW6	1	44	67	24	TMH	H	FFTILGLFCAGQGVFWASMAVAAV
A0PJW6	2	94	117	24	TMH	H	WRYGLAVGCGAIGALVLGAGLLFS
A4D1S0	1	260	282	23	TMH	H	SLYWALAFMAVLLAVSGVVIVVL
A8MVW0	1	316	338	23	TMH	H	IFLLTILAALALLVLILLCLLIY
L0R6Q1	1	47	59	13	TMH	H	FLKGFLAGYVVAK
L0R6Q1	2	64	69	6	TMH	H	AVLGFA
L0R6Q1	3	71	78	8	TMH	H	GTCTGIYA
A2RU67	1	102	124	23	TMH	H	VRTSVFLLTLGISMILVLLCAFL
O00219	1	8	32	25	TMH	H	ALRVVGTSLFALAVLGGILAAYVTG
O00219	2	43	65	23	TMH	H	LSFGLYGAILGLHLLIQSLFAFL
O00219	3	380	402	23	TMH	H	TYESVVTGFFPFFLIATVIQLFY
O00219	4	406	428	23	TMH	H	IWNILLFLLTVQLVGIIKATYAC
O00219	5	480	500	21	TMH	H	GLIPVSIWVAVLLGGLAYTAY
O00219	6	511	532	22	TMH	H	AFLVSGAILYGCYWVALLMLYL
O00220	1	242	264	23	TMH	H	VILVVTLVVPLLLVAVLIVCCCI
O00258	1	10	28	19	TMH	H	AWLLVLSFVFGCNVLRILL
O00258	2	102	122	21	TMH	H	WVISVAFYVLQAALMISLIWK
O00258	3	154	170	17	TMH	H	GITCWILVCNKVVAIVL
O00264	1	28	42	15	TMH	H	SPLNLLLLGLCIFLL
O00391	1	708	728	21	TMH	H	LDISLCVGLYSLSFMGLLAMY
O00400	1	73	96	24	TMH	H	SSILLLLFLYVLQGIPLGLAGSIP
O00400	2	108	128	21	TMH	H	DQAFFSFVFWPFSLKLLWAPL
O00400	3	142	160	19	TMH	H	SWLVPTQYILGLFMIYLST
O00400	4	177	198	22	TMH	H	IALTVAFFLFEFLAATQDIAVD
O00400	5	213	235	23	TMH	H	ASTCNSVGQTAGYFLGNVLFLAL
O00400	6	258	277	20	TMH	H	SDFLFFWGTVFLITTTLVAL
O00400	7	310	332	23	TMH	H	VLTFCLLILTAKIGFSAADAVTG
O00400	8	344	364	21	TMH	H	HLALLAVPMVPLQIILPLIIS
O00400	9	375	395	21	TMH	H	TFYKAMPYRLLLGLEYALLVW
O00400	10	409	433	25	TMH	H	YYYIVVLLSYALHQVTVYSMYVSIM
O00400	11	448	470	23	TMH	H	YMTLLNTVSNLGGNWPSTVALWL
O00400	12	509	528	20	TMH	H	GYYVESIICVFIGFGWWFFL
O00461	1	26	31	6	TMH	H	FLYGAM
O00483	1	15	38	24	TMH	H	LIPLFVFIGTGATGATLYLLRLAL
O00592	1	461	483	23	TMH	H	PLIITIVCMASFLLLVAALYGCC
O00767	1	73	94	22	TMH	H	WRNIILMSLLHLGALYGITLIP
O00767	2	97	118	22	TMH	H	KFYTWLWGVFYYFVSALGITAG
O00767	3	218	237	20	TMH	H	YKPGLLMMCFILPTLVPWYF
O00767	4	242	266	25	TMH	H	FQNSVFVATFLRYAVVLNATWLVNS
O14493	1	5	27	23	TMH	H	GLQVMGIALAVLGWLAVMLCCAL
O14493	2	80	102	23	TMH	H	ARALVIISIIVAALGVLLSVVGG
O14493	3	117	138	22	TMH	H	TMIVAGVVFLLAGLMVIVPVSW
O14493	4	163	182	20	TMH	H	SLYVGWAASGLLLLGGGLLC
O14495	1	34	56	23	TMH	H	VLLICLDLFCLFMAGLPFLIIET
O14495	2	85	106	22	TMH	H	DAVLCAVGIVIAILAIITGEFY
O14495	3	126	149	24	TMH	H	LYKQVGCFLFGCAISQSFTDIAKV
O14495	4	201	215	15	TMH	H	SFSMYTMLYLVLYLQ
O14495	5	225	245	21	TMH	H	LLRPLLQFTLIMMAFYTGLSR
O14495	6	254	274	21	TMH	H	SDVLAGFAQGALVACCIVFFV
O14548	1	84	107	24	TMH	H	QMLYRTTMALTVGGTIYCLIALYM
